{"cameraMode":{"drawMode":0,"name":"Shaded","section":"Shading Mode"},"sceneLighting":false,"audioPlay":false,"sceneViewState":{"showFog":true,"showMaterialUpdate":false,"showSkybox":false,"showFlares":true,"showImageEffects":true,"showParticleSystems":true},"in2DMode":false,"pivot":{"x":1.0593353509902955,"y":2.0658135414123537,"z":-2.8603098392486574},"rotation":{"x":0.19490167498588563,"y":0.0796523466706276,"z":-0.015906015411019326,"w":0.9774839878082275},"size":0.6123724579811096,"orthographic":false}