{"cameraMode":{"drawMode":0,"name":"Shaded","section":"Shading Mode"},"sceneLighting":true,"audioPlay":false,"sceneViewState":{"showFog":true,"showMaterialUpdate":false,"showSkybox":false,"showFlares":true,"showImageEffects":true,"showParticleSystems":true},"in2DMode":false,"pivot":{"x":899.3099365234375,"y":517.6046142578125,"z":4.7777252197265629},"rotation":{"x":0.15566162765026093,"y":0.01511890348047018,"z":-0.00242257141508162,"w":0.9877355098724365},"size":1191.887939453125,"orthographic":false}