{"cameraMode":{"drawMode":0,"name":"Shaded","section":"Shading Mode"},"sceneLighting":false,"audioPlay":false,"sceneViewState":{"showFog":true,"showMaterialUpdate":false,"showSkybox":false,"showFlares":true,"showImageEffects":true,"showParticleSystems":true},"in2DMode":false,"pivot":{"x":0.0,"y":2.819999933242798,"z":1.4930000305175782},"rotation":{"x":0.11704177409410477,"y":-0.000004142180387134431,"z":0.0000014937990044927574,"w":0.9931268095970154},"size":0.6123724579811096,"orthographic":false}