{"cameraMode":{"drawMode":0,"name":"Shaded","section":"Shading Mode"},"sceneLighting":true,"audioPlay":false,"sceneViewState":{"showFog":true,"showMaterialUpdate":false,"showSkybox":true,"showFlares":true,"showImageEffects":true,"showParticleSystems":true},"in2DMode":false,"pivot":{"x":366.86712646484377,"y":168.4105224609375,"z":-264.8331298828125},"rotation":{"x":-0.31152933835983279,"y":-0.006559367291629314,"z":0.002150509739294648,"w":-0.950211763381958},"size":2837.269287109375,"orthographic":false}