{"cameraMode":{"drawMode":0,"name":"Shaded","section":"Shading Mode"},"sceneLighting":false,"audioPlay":false,"sceneViewState":{"showFog":true,"showMaterialUpdate":false,"showSkybox":false,"showFlares":true,"showImageEffects":true,"showParticleSystems":true},"in2DMode":false,"pivot":{"x":-2.4700000286102297,"y":2.0,"z":-5.929999828338623},"rotation":{"x":-0.12072867900133133,"y":-0.11232325434684754,"z":0.013744921423494816,"w":-0.986220121383667},"size":0.8660253882408142,"orthographic":false}