{"cameraMode":{"drawMode":0,"name":"Shaded","section":"Shading Mode"},"sceneLighting":true,"audioPlay":false,"sceneViewState":{"showFog":true,"showMaterialUpdate":false,"showSkybox":false,"showFlares":true,"showImageEffects":true,"showParticleSystems":true},"in2DMode":false,"pivot":{"x":126.74787902832031,"y":-57.958316802978519,"z":213.84922790527345},"rotation":{"x":-0.16154845058918,"y":-0.02457488141953945,"z":0.004017980303615332,"w":-0.9865579009056091},"size":102.44181060791016,"orthographic":false}