{"cameraMode":{"drawMode":0,"name":"Shaded","section":"Shading Mode"},"sceneLighting":true,"audioPlay":false,"sceneViewState":{"showFog":true,"showMaterialUpdate":false,"showSkybox":false,"showFlares":true,"showImageEffects":true,"showParticleSystems":true},"in2DMode":false,"pivot":{"x":70.39653778076172,"y":134.2611541748047,"z":-941.3866577148438},"rotation":{"x":-0.3185492753982544,"y":0.21551986038684846,"z":-0.07462111860513687,"w":-0.9200633764266968},"size":2.1685845851898195,"orthographic":false}