{"cameraMode":{"drawMode":0,"name":"Shaded","section":"Shading Mode"},"sceneLighting":false,"audioPlay":false,"sceneViewState":{"showFog":true,"showMaterialUpdate":false,"showSkybox":false,"showFlares":true,"showImageEffects":true,"showParticleSystems":true},"in2DMode":false,"pivot":{"x":2.006298065185547,"y":5.928591728210449,"z":62.32297897338867},"rotation":{"x":-0.25979506969451907,"y":0.0049207634292542938,"z":-0.0013258896069601179,"w":-0.9656673073768616},"size":15.236238479614258,"orthographic":false}