{"cameraMode":{"drawMode":0,"name":"Shaded","section":"Shading Mode"},"sceneLighting":true,"audioPlay":false,"sceneViewState":{"showFog":true,"showMaterialUpdate":false,"showSkybox":true,"showFlares":true,"showImageEffects":true,"showParticleSystems":true},"in2DMode":false,"pivot":{"x":3.3932206630706789,"y":19.306968688964845,"z":-0.8413339257240295},"rotation":{"x":-0.29576388001441958,"y":-0.018057990819215776,"z":0.005586413200944662,"w":-0.9550784230232239},"size":7.1749982833862309,"orthographic":false}