{"cameraMode":{"drawMode":0,"name":"Shaded","section":"Shading Mode"},"sceneLighting":true,"audioPlay":false,"sceneViewState":{"showFog":true,"showMaterialUpdate":false,"showSkybox":false,"showFlares":true,"showImageEffects":true,"showParticleSystems":true},"in2DMode":false,"pivot":{"x":85.49391174316406,"y":1.0648117065429688,"z":0.017395973205566407},"rotation":{"x":-0.18375006318092347,"y":-0.01121189258992672,"z":0.0020853725727647545,"w":-0.982923150062561},"size":4.741241931915283,"orthographic":false}