{"cameraMode":{"drawMode":0,"name":"Shaded","section":"Shading Mode"},"sceneLighting":false,"audioPlay":false,"sceneViewState":{"showFog":true,"showMaterialUpdate":false,"showSkybox":false,"showFlares":true,"showImageEffects":true,"showParticleSystems":true},"in2DMode":false,"pivot":{"x":0.12576982378959657,"y":0.13552892208099366,"z":-0.5921653509140015},"rotation":{"x":-0.13786761462688447,"y":-0.0038653446827083828,"z":0.0005379582289606333,"w":-0.9904399514198303},"size":1.1660254001617432,"orthographic":false}