{"cameraMode":{"drawMode":0,"name":"Shaded","section":"Shading Mode"},"sceneLighting":true,"audioPlay":false,"sceneViewState":{"showFog":true,"showMaterialUpdate":false,"showSkybox":false,"showFlares":true,"showImageEffects":true,"showParticleSystems":true},"in2DMode":false,"pivot":{"x":425.971923828125,"y":55.21087646484375,"z":-547.3121337890625},"rotation":{"x":-0.21491442620754243,"y":0.4485247731208801,"z":-0.11205214262008667,"w":-0.8602825999259949},"size":1212.435546875,"orthographic":false}